{"cameraMode":{"drawMode":0,"name":"Shaded","section":"Shading Mode"},"sceneLighting":true,"audioPlay":false,"sceneViewState":{"m_AlwaysRefresh":false,"showFog":true,"showSkybox":true,"showFlares":true,"showImageEffects":true,"showParticleSystems":true,"showVisualEffectGraphs":true,"m_FxEnabled":false},"in2DMode":false,"pivot":{"x":-3.2934024333953859,"y":17.719711303710939,"z":-3.536510705947876},"rotation":{"x":0.2771216034889221,"y":0.08748824149370194,"z":-0.025347257032990457,"w":0.9565105438232422},"size":19.627954483032228,"orthographic":true}