{"cameraMode":{"drawMode":0,"name":"Shaded","section":"Shading Mode"},"sceneLighting":true,"audioPlay":false,"sceneViewState":{"m_AlwaysRefresh":false,"showFog":true,"showSkybox":true,"showFlares":true,"showImageEffects":true,"showParticleSystems":true,"showVisualEffectGraphs":true,"m_FxEnabled":true},"in2DMode":false,"pivot":{"x":-0.8923162221908569,"y":-12.996013641357422,"z":0.7409228682518005},"rotation":{"x":0.7332938313484192,"y":-0.032579440623521808,"z":0.03522516041994095,"w":0.6782168745994568},"size":18.11922836303711,"orthographic":true}